{"latticeparameter": null, "Coordination": [12, 12, 12, 12], "Element": ["Al"], "Occupancy": ["Al", "Al", "Al", "Al"], "Lattice": null, "CellVolume": 1778.9455041389122, "NumberOfAtoms": 4, "X_AxisCoordinate": [0.0, 3e-16, 2.01946484659125, 2.0194648465912506], "Y_AxisCoordinate": [0.0, 2.01946484659125, 0.0, 2.01946484659125], "Z_AxisCoordinate": [0.0, 2.01946484659125, 2.01946484659125, 2e-16], "FirstAxisComponent": [4.0389296931825, 0.0, 2e-16], "SecondAxisComponent": [6e-16, 4.0389296931825, 2e-16], "ThirdAxisComponent": [0.0, 0.0, 4.0389296931825], "LatticeParameterLengthA": 4.0389296931825, "LatticeParameterLengthB": 4.0389296931825, "LatticeParameterLengthC": 4.0389296931825, "LatticeParameterAngleAlpha": 90.0, "LatticeParameterAngleBeta": 90.0, "LatticeParameterAngleGamma": 90.0}