{"latticeparameter": null, "Coordination": [12, 12, 12, 12], "SpaceGroup": null, "Element": ["Al"], "Occupancy": ["Al", "Al", "Al", "Al"], "Lattice": null, "CellVolume": 1778.9455041389122, "NumberOfAtoms": 4, "X_AxisCoordinate": 4.0389296931825, "Y_AxisCoordinate": 4.0389296931825, "Z_AxisCoordinate": 4.0389296931825, "FirstAxisComponent": [4.0389296931825, 0.0, 2e-16], "SecondAxisComponent": [6e-16, 4.0389296931825, 2e-16], "ThirdAxisComponent": [0.0, 0.0, 4.0389296931825], "LatticeParameterLengthA": 4.0389296931825, "LatticeParameterLengthB": 4.0389296931825, "LatticeParameterLengthC": 4.0389296931825, "LatticeParameterAngleAlpha": 90.0, "LatticeParameterAngleBeta": 90.0, "LatticeParameterAngleGamma": 90.0}