{"ChemicalCompositionElement": ["Al"], "ChemicalCompositionRatio": [1.0], "CellVolume": 1778.9455041389122, "NumberOfAtoms": 4, "SimulationCellLengthX": 4.0389296931825, "SimulationCellLengthY": 4.0389296931825, "SimulationCellLengthZ": 4.0389296931825, "SimulationCellVectorA": [4.0389296931825, 0.0, 2e-16], "SimulationCellVectorB": [6e-16, 4.0389296931825, 2e-16], "SimulationCellVectorC": [0.0, 0.0, 4.0389296931825], "SimulationCellAngleAlpha": 90.0, "SimulationCellAngleBeta": 90.0, "SimulationCellAngleGamma": 90.0, "Element": ["Al", "Al", "Al", "Al"], "Coordination": [12, 12, 12, 12], "Positions": [[0.0, 0.0, 0.0], [3e-16, 2.01946484659125, 2.01946484659125], [2.01946484659125, 0.0, 2.01946484659125], [2.0194648465912506, 2.01946484659125, 2e-16]], "LatticeParameter": null}